{"cameraMode":{"drawMode":0,"name":"Shaded","section":"Shading Mode"},"sceneLighting":true,"audioPlay":false,"sceneViewState":{"m_AlwaysRefresh":false,"showFog":true,"showSkybox":true,"showFlares":true,"showImageEffects":true,"showParticleSystems":true,"showVisualEffectGraphs":true,"m_FxEnabled":true},"in2DMode":false,"pivot":{"x":-8.145453453063965,"y":5.905229568481445,"z":-17.092357635498048},"rotation":{"x":-0.006566682830452919,"y":-0.6838035583496094,"z":-0.006154477130621672,"w":0.7296119332313538},"size":19.489212036132814,"orthographic":false}