{"cameraMode":{"drawMode":0,"name":"Shaded","section":"Shading Mode"},"sceneLighting":true,"audioPlay":false,"sceneViewState":{"m_AlwaysRefresh":false,"showFog":true,"showSkybox":true,"showFlares":true,"showImageEffects":true,"showParticleSystems":true,"showVisualEffectGraphs":true,"m_FxEnabled":true},"in2DMode":false,"pivot":{"x":1.2718925476074219,"y":5.14323091506958,"z":19.256336212158204},"rotation":{"x":0.12199503928422928,"y":-0.10549571365118027,"z":0.01304180920124054,"w":0.9868223071098328},"size":0.024790797382593156,"orthographic":false}